Country,Recovered,Confirmed,Recovered Percentage
Zimbabwe,0,10,0
United Kingdom,287,52279,0.5489776009487557
Uganda,0,52,0
Tunisia,5,596,0.8389261744966443
Timor-Leste,0,1,0
Seychelles,0,11,0
Serbia,0,2200,0
Papua New Guinea,0,2,0
Panama,13,1988,0.653923541247485
Norway,32,5865,0.545609548167093
Montenegro,1,233,0.4291845493562232
Laos,0,12,0
Ireland,25,5364,0.4660700969425802
Haiti,0,24,0
Guinea-Bissau,0,18,0
Grenada,0,12,0
Fiji,0,14,0
Eritrea,0,31,0
Chad,0,9,0
Belize,0,7,0
